{"cameraMode":{"drawMode":0,"name":"Shaded","section":"Shading Mode"},"sceneLighting":true,"audioPlay":false,"sceneViewState":{"showFog":true,"showMaterialUpdate":false,"showSkybox":true,"showFlares":true,"showImageEffects":true,"showParticleSystems":true,"showVisualEffectGraphs":true,"m_FxEnabled":false},"in2DMode":false,"pivot":{"x":0.9504351615905762,"y":7.200672149658203,"z":-9.366256713867188},"rotation":{"x":-0.00547706289216876,"y":0.9853478074073792,"z":-0.16742728650569917,"w":-0.032231178134679797},"size":13.201066017150879,"orthographic":false}